MHA;MHA_NAME;E01;E02;E03;E04;E05;E06;E07;E08;E09;W01;W02;W03;W04;W05;O01E;O02E;O03E;O01;O02;O03;O04;O05;O06;O07
AK400;KETCHIKAN, AK;1515;1515;1515;1515;1737;1749;1851;2073;2154;1764;2070;2166;2343;2511;2004;2136;2295;1746;1947;2193;2478;2580;2745;2790
AK401;SITKA, AK;1362;1362;1362;1362;1920;1932;1938;1953;2175;1935;1950;2202;2547;2571;1944;2127;2538;1929;1941;2274;2559;2574;2589;2631
AK402;JUNEAU, AK;1587;1587;1587;1587;2022;2034;2076;2223;2394;2037;2220;2415;2700;2787;2100;2355;2676;2031;2079;2472;2766;2817;2895;2943
AK403;KODIAK ISLAND, AK;1584;1584;1584;1584;1809;1821;1923;2166;2247;1827;2163;2259;2436;2598;2097;2229;2391;1818;2031;2289;2568;2667;2826;2874
AK404;ANCHORAGE, AK;1530;1530;1530;1530;1836;1848;1965;2115;2301;1851;2112;2304;2478;2664;2025;2205;2427;1845;1968;2307;2628;2787;2925;2973
AK405;FAIRBANKS, AK;1494;1494;1494;1494;1692;1704;1779;2037;2109;1710;2034;2121;2268;2388;1977;2091;2235;1701;1911;2145;2361;2433;2547;2589
AL001;ANNISTON/FORT MCCLELLAN, AL;858;858;858;858;951;1017;1056;1134;1200;1053;1131;1209;1341;1416;1074;1182;1317;1014;1071;1233;1395;1440;1506;1527
AL002;FORT NOVOSEL, AL;1047;1047;1047;1047;1116;1212;1323;1485;1572;1272;1482;1575;1653;1797;1440;1518;1611;1167;1398;1578;1767;1875;1998;2028
AL003;HUNTSVILLE, AL;1269;1269;1269;1269;1437;1680;1698;1890;2019;1695;1887;2034;2238;2244;1797;1989;2232;1533;1755;2076;2241;2247;2250;2265
AL004;MOBILE, AL;1275;1275;1275;1275;1413;1533;1707;1923;1962;1647;1920;1968;2049;2073;1881;1950;2037;1515;1824;1983;2058;2076;2085;2118
AL005;MONTGOMERY, AL;1050;1050;1050;1050;1215;1314;1365;1446;1470;1362;1443;1476;1551;1638;1413;1464;1524;1311;1401;1485;1626;1839;1851;1863
AL006;AUBURN, AL;1314;1314;1314;1314;1386;1440;1515;1617;1731;1503;1614;1734;1779;1929;1590;1626;1776;1434;1569;1737;1926;2121;2187;2220
AL007;BIRMINGHAM, AL;1236;1236;1236;1236;1389;1494;1653;1836;1845;1602;1833;1851;1905;1986;1812;1842;1881;1479;1758;1857;1965;2013;2088;2121
AR010;LITTLE ROCK, AR;1308;1308;1308;1308;1458;1551;1599;1656;1662;1596;1653;1665;1674;1713;1641;1659;1671;1548;1632;1668;1698;1851;1860;1875
AR012;FORT CHAFFEE/FORT SMITH, AR;789;789;789;789;876;1347;1365;1377;1479;1362;1374;1503;1794;1800;1371;1437;1788;936;1368;1563;1797;1803;1806;1812
AR411;FAYETTEVILLE, AR;1128;1128;1128;1128;1293;1407;1503;1635;1662;1482;1632;1668;1746;1836;1599;1656;1719;1398;1572;1680;1815;1878;1950;1980
AZ013;PHOENIX, AZ;1572;1572;1572;1572;1752;1896;2106;2382;2430;2019;2379;2439;2526;2535;2334;2418;2520;1851;2256;2457;2529;2538;2541;2559
AZ014;FORT HUACHUCA, AZ;1086;1086;1086;1086;1212;1452;1473;1686;1776;1470;1683;1788;1941;1971;1614;1755;1929;1248;1554;1818;1959;1974;1998;2031
AZ015;DAVIS-MONTHAN AFB, AZ;1239;1239;1239;1239;1398;1569;1659;1914;1974;1590;1911;1983;2091;2097;1860;1959;2085;1440;1794;2007;2094;2100;2103;2115
AZ016;YUMA, AZ;1113;1113;1113;1113;1263;1377;1485;1629;1659;1458;1626;1668;1749;1827;1590;1653;1725;1371;1557;1680;1806;1851;1923;1953
CA018;OAKLAND, CA;2493;2493;2493;2493;2817;3051;3336;3717;3846;3225;3714;3861;4089;4194;3624;3816;4059;3018;3525;3903;4170;4230;4329;4407
CA019;SAN FRANCISCO, CA;3177;3177;3177;3177;3729;4041;4242;4545;4680;4170;4542;4698;4917;4950;4446;4650;4905;4017;4380;4743;4938;4956;4998;5073
CA021;CHINA LAKE, CA;1005;1005;1005;1005;1182;1284;1332;1428;1548;1326;1425;1551;1686;1806;1359;1491;1650;1281;1353;1554;1779;1854;1968;1998
CA022;FRESNO, CA;1563;1563;1563;1563;1797;2004;2097;2460;2532;2022;2457;2544;2670;2676;2394;2514;2664;1830;2292;2571;2673;2679;2682;2706
CA023;LEMOORE NAS, CA;1620;1620;1620;1620;1692;1755;1899;2103;2172;1854;2100;2181;2307;2349;2043;2154;2295;1740;1998;2205;2334;2355;2388;2427
CA024;CAMP PENDLETON, CA;2610;2610;2610;2610;2901;3105;3462;3888;3966;3315;3885;3978;4134;4242;3825;3948;4101;3057;3699;4005;4218;4281;4386;4464
CA025;VENTURA, CA;2541;2541;2541;2541;2859;3042;3177;3435;3606;3138;3432;3627;3906;3972;3312;3567;3885;3030;3270;3681;3954;3990;4050;4122
CA026;VANDENBERG SFB, CA;2220;2220;2220;2220;2586;2814;2967;3174;3234;2919;3171;3246;3357;3381;3117;3222;3348;2799;3069;3267;3366;3384;3393;3450
CA027;MARIN/SONOMA, CA;2340;2340;2340;2340;2727;2943;3075;3285;3381;3036;3282;3396;3609;3825;3207;3360;3549;2931;3165;3429;3783;3918;4131;4206
CA028;BARSTOW/FORT IRWIN, CA;1419;1419;1419;1419;1584;1743;1842;2037;2139;1785;2034;2154;2355;2490;1953;2115;2319;1680;1911;2190;2460;2544;2673;2718
CA031;SAN BERNARDINO, CA;2076;2076;2076;2076;2367;2427;2787;3168;3174;2637;3165;3177;3186;3216;3153;3171;3183;2379;3027;3180;3201;3219;3243;3300
CA032;TWENTY NINE PALMS MCB, CA;1614;1614;1614;1614;1758;1875;1932;2121;2259;1917;2118;2277;2514;2583;2019;2229;2493;1842;1992;2325;2565;2604;2667;2712
CA033;BEALE AFB, CA;1986;1986;1986;1986;2250;2412;2571;2793;2865;2520;2790;2877;2997;3003;2733;2847;2991;2397;2679;2901;3000;3006;3009;3039
CA034;SACRAMENTO, CA;1845;1845;1845;1845;2070;2190;2472;2787;2808;2361;2784;2814;2865;2898;2757;2802;2853;2154;2661;2820;2883;2901;2922;2973
CA035;STOCKTON, CA;1671;1671;1671;1671;1905;2037;2106;2214;2253;2097;2211;2259;2364;2496;2172;2244;2328;2034;2154;2274;2469;2589;2673;2718
CA036;VALLEJO/TRAVIS AFB, CA;2346;2346;2346;2346;2520;2658;2943;3264;3285;2832;3261;3291;3336;3342;3234;3279;3330;2622;3135;3297;3339;3345;3348;3384
CA037;LOS ANGELES, CA;2511;2511;2511;2511;2865;3087;3360;3717;3825;3255;3714;3840;4053;4212;3633;3801;4011;3054;3540;3879;4182;4278;4434;4512
CA038;SAN DIEGO, CA;2684;2684;2684;2684;2964;3240;3534;3972;4101;3396;3969;4119;4320;4332;3879;4071;4314;3153;3759;4161;4323;4335;4338;4404
CA039;MONTEREY, CA;2298;2298;2298;2298;2592;2805;3048;3408;3528;2946;3405;3546;3792;4020;3315;3501;3732;2754;3225;3585;3978;4119;4344;4422
CA041;RIVERSIDE, CA;2130;2130;2130;2130;2415;2604;2847;3138;3171;2754;3135;3180;3270;3357;3096;3162;3243;2574;3012;3192;3336;3387;3468;3528
CA042;HUMBOLDT COUNTY, CA;1212;1212;1212;1212;1308;1629;1806;2001;2157;1650;1887;2160;2229;2469;1842;2088;2181;1371;1809;2163;2424;2574;2808;2856
CA044;SANTA CLARA COUNTY, CA;3057;3057;3057;3057;3456;3747;4095;4485;4515;3951;4482;4524;4611;4716;4446;4506;4581;3702;4326;4536;4692;4752;4851;4941
CA392;SAN LUIS OBISPO, CA;2019;2019;2019;2019;2325;2664;2733;3000;3207;2682;2997;3231;3573;3666;2856;3162;3546;2520;2805;3300;3645;3699;3789;3855
CA393;BRIDGEPORT, CA;1383;1383;1383;1383;1578;1980;2001;2046;2271;1998;2043;2298;2646;2670;2007;2220;2634;1689;2004;2370;2655;2673;2685;2730
CA420;EL CENTRO, CA;1374;1374;1374;1374;1575;1692;1767;1911;1995;1755;1908;2007;2175;2286;1839;1977;2145;1689;1818;2037;2259;2325;2430;2469
CA457;EDWARDS AFB/PALMDALE, CA;1734;1734;1734;1734;1995;2163;2319;2553;2652;2268;2550;2664;2847;2934;2472;2628;2823;2148;2424;2700;2913;2964;3042;3096
CO045;DENVER, CO;1851;1851;1851;1851;2067;2214;2481;2793;2829;2379;2790;2838;2919;2955;2751;2820;2904;2181;2661;2853;2940;2961;2991;3042
CO046;COLORADO SPRINGS, CO;1638;1638;1638;1638;1788;1896;2085;2286;2292;2019;2283;2295;2304;2385;2271;2289;2301;1878;2211;2298;2364;2415;2493;2535
CO047;FORT COLLINS, CO;1494;1494;1494;1494;1650;1758;1932;2163;2220;1875;2160;2229;2358;2472;2109;2205;2328;1740;2052;2250;2445;2514;2619;2664
CO422;BOULDER, CO;1899;1899;1899;1899;2142;2472;2541;2889;3039;2490;2886;3060;3294;3300;2781;3006;3288;2277;2700;3108;3297;3303;3306;3342
CT049;NEW LONDON, CT;1566;1566;1566;1566;1779;1911;2043;2241;2313;2004;2238;2325;2493;2679;2178;2295;2442;1899;2133;2349;2643;2760;2943;2991
CT050;HARTFORD, CT;1725;1725;1725;1725;1848;2031;2217;2508;2616;2106;2505;2619;2766;3015;2448;2559;2700;1923;2364;2622;2970;3126;3375;3432
CT051;NEW HAVEN/FAIRFIELD, CT;2100;2100;2100;2100;2400;2571;2652;2841;3063;2622;2838;3090;3453;3558;2691;3015;3423;2565;2673;3162;3534;3600;3699;3765
DC053;WASHINGTON, DC METRO AREA;2169;2169;2169;2169;2538;2739;2808;2982;3120;2799;2979;3138;3399;3564;2877;3090;3354;2736;2859;3186;3534;3636;3798;3864
DE054;DOVER AFB/REHOBOTH, DE;1692;1692;1692;1692;1863;1977;2115;2265;2271;2073;2262;2274;2319;2550;2253;2268;2280;1962;2208;2277;2508;2652;2880;2928
FL056;EGLIN AFB, FL;1959;1959;1959;1959;2157;2274;2292;2316;2373;2289;2313;2382;2532;2730;2298;2358;2478;2271;2295;2403;2694;2817;3012;3066
FL057;GAINESVILLE, FL;1404;1404;1404;1404;1620;1746;1833;2004;2118;1815;2001;2133;2328;2388;1920;2091;2307;1740;1893;2169;2370;2406;2463;2502
FL058;JACKSONVILLE, FL;1626;1626;1626;1626;1794;1905;2049;2217;2226;2004;2214;2232;2268;2310;2193;2223;2253;1893;2148;2235;2295;2319;2355;2391
FL059;PATRICK SFB, FL;1773;1773;1773;1773;1923;2028;2190;2424;2508;2136;2421;2523;2664;2676;2352;2490;2658;2010;2298;2550;2667;2679;2682;2715
FL061;MIAMI/FORT LAUDERDALE, FL;2532;2532;2532;2532;2832;3045;3231;3447;3465;3165;3444;3471;3573;3810;3417;3459;3510;3027;3354;3477;3768;4038;4152;4227
FL062;ORLANDO, FL;1809;1809;1809;1809;2046;2205;2421;2661;2673;2343;2658;2679;2715;2730;2634;2670;2709;2181;2562;2685;2718;2733;2736;2775
FL063;PANAMA CITY, FL;1614;1614;1614;1614;1779;1878;1959;2073;2100;1944;2070;2106;2202;2355;2037;2091;2160;1875;2013;2118;2325;2418;2568;2610
FL064;PENSACOLA, FL;1464;1464;1464;1464;1566;1641;1683;1827;1959;1680;1824;1977;2187;2193;1728;1929;2181;1632;1716;2022;2190;2196;2199;2214
FL065;TALLAHASSEE, FL;1260;1260;1260;1260;1425;1527;1578;1716;1869;1575;1686;1872;1938;2127;1629;1785;1905;1524;1614;1875;2091;2208;2394;2433
FL066;TAMPA, FL;1869;1869;1869;1869;2106;2256;2439;2682;2748;2376;2679;2757;2871;2877;2625;2733;2865;2238;2565;2781;2874;2880;2883;2910
FL067;WEST PALM BEACH, FL;2208;2208;2208;2208;2499;2697;2952;3282;3363;2853;3279;3375;3531;3615;3213;3345;3507;2664;3126;3405;3594;3642;3720;3786
FL068;OCALA, FL;1647;1647;1647;1647;1725;1785;1884;2019;2052;1860;2016;2061;2127;2133;1980;2046;2121;1779;1950;2073;2130;2136;2139;2151
FL069;FLORIDA KEYS, FL;2877;2877;2877;2877;3264;3486;3657;3903;3996;3600;3900;4008;4215;4437;3831;3975;4155;3468;3774;4041;4395;4536;4755;4842
FL070;VOLUSIA COUNTY, FL;1593;1593;1593;1593;1794;1923;2070;2250;2271;2025;2247;2277;2346;2433;2217;2265;2322;1908;2169;2286;2412;2463;2541;2583
FL423;FORT PIERCE, FL;1878;1878;1878;1878;2004;2106;2313;2550;2559;2238;2547;2565;2619;2712;2526;2556;2592;2082;2454;2571;2691;2745;2832;2880
FL424;FORT MYERS BEACH, FL;1977;1977;1977;1977;2205;2346;2478;2625;2631;2439;2622;2634;2643;2688;2613;2628;2640;2334;2571;2637;2670;2703;2751;2796
GA071;ATLANTA, GA;1689;1689;1689;1689;1893;2022;2169;2367;2421;2121;2364;2430;2529;2538;2313;2409;2523;2007;2268;2451;2532;2541;2544;2568
GA072;ALBANY, GA;1002;1002;1002;1002;1116;1188;1215;1263;1410;1212;1242;1413;1455;1587;1221;1323;1452;1185;1218;1416;1584;1752;1776;1803
GA073;FORT EISENHOWER, GA;1353;1353;1353;1353;1446;1512;1614;1770;1833;1590;1767;1842;1959;2004;1713;1818;1944;1506;1683;1863;1989;2013;2049;2082
GA074;KINGS BAY/BRUNSWICK, GA;1623;1623;1623;1623;1821;1935;1998;2073;2079;1992;2070;2082;2091;2151;2061;2076;2088;1932;2043;2085;2133;2172;2235;2271
GA075;FORT MOORE, GA;1230;1230;1230;1230;1344;1416;1470;1590;1665;1467;1587;1677;1809;1815;1524;1647;1803;1413;1509;1704;1812;1818;1821;1830
GA076;ROBINS AFB, GA;1209;1209;1209;1209;1401;1515;1605;1731;1767;1587;1728;1776;1869;1974;1689;1758;1839;1512;1665;1788;1950;2013;2109;2145
GA077;SAVANNAH, GA;1641;1641;1641;1641;1758;1860;2016;2253;2334;1962;2250;2346;2481;2490;2184;2313;2475;1833;2130;2373;2484;2493;2496;2514
GA079;DAHLONEGA, GA;1656;1656;1656;1656;1818;1914;1977;2112;2199;1971;2109;2211;2358;2364;2040;2178;2352;1911;2022;2241;2361;2367;2370;2388
GA080;FORT STEWART, GA;1581;1581;1581;1581;1698;1782;1899;2049;2070;1869;2046;2076;2127;2136;2016;2064;2121;1773;1980;2085;2130;2139;2142;2154
GA081;MOODY AFB, GA;1146;1146;1146;1146;1224;1281;1329;1431;1497;1326;1428;1506;1626;1659;1374;1482;1614;1278;1362;1530;1647;1665;1692;1716
HI407;MAUI COUNTY, HI;2517;2517;2517;2517;2826;3543;3618;3915;4224;3561;3912;4260;4746;4848;3711;4158;4719;2994;3621;4359;4824;4884;4977;5070
HI408;HONOLULU COUNTY, HI;2256;2256;2256;2256;2508;2751;3024;3396;3492;2907;3393;3507;3705;3870;3318;3471;3660;2694;3219;3540;3840;3939;4101;4176
HI409;HAWAII COUNTY, HI;2046;2046;2046;2046;2391;2592;2730;2883;2889;2688;2880;2892;2910;2979;2865;2886;2898;2580;2823;2895;2958;2997;3057;3111
HI414;KAUAI COUNTY, HI;2352;2352;2352;2352;2628;2832;3000;3321;3489;2928;3318;3510;3774;3780;3201;3453;3768;2778;3135;3567;3777;3783;3786;3831
IA082;DES MOINES, IA;978;978;978;978;1155;1473;1524;1629;1749;1488;1626;1767;1977;2046;1536;1722;1956;1197;1527;1806;2028;2070;2133;2166
ID084;BOISE, ID;1587;1587;1587;1587;1674;1740;1830;2004;2106;1812;2001;2121;2295;2322;1923;2085;2286;1734;1896;2157;2310;2325;2343;2382
ID086;MOUNTAIN HOME AFB, ID;1632;1632;1632;1632;1635;1773;1794;1899;2073;1791;1896;2094;2364;2373;1800;2034;2358;1638;1797;2151;2367;2376;2379;2394
IL088;CHAMPAIGN/URBANA, IL;927;927;927;927;1071;1296;1317;1371;1503;1314;1368;1518;1728;1737;1323;1473;1722;1158;1320;1563;1731;1887;1899;1914
IL089;ROCK ISLAND, IL;1266;1266;1266;1266;1269;1392;1410;1545;1656;1407;1542;1671;1854;1860;1458;1632;1848;1272;1428;1710;1857;1905;1920;1932
IL090;PEORIA, IL;984;984;984;984;1137;1227;1263;1353;1449;1260;1350;1461;1629;1677;1275;1425;1614;1224;1272;1494;1662;1809;1821;1833
IL092;GREAT LAKES NAVTRACEN, IL;1482;1482;1482;1482;1650;1842;1983;2256;2325;1905;2253;2337;2463;2505;2196;2310;2448;1746;2124;2361;2490;2511;2544;2586
IL093;SCOTT AFB, IL;1053;1053;1053;1053;1260;1419;1458;1500;1638;1437;1485;1656;1902;1956;1464;1605;1884;1377;1461;1707;1938;2091;2106;2121
IL325;CHICAGO, IL;1989;1989;1989;1989;2247;2412;2607;2826;2832;2538;2823;2835;2856;2868;2805;2829;2850;2391;2739;2838;2859;2871;2874;2913
IL335;SPRINGFIELD/DECATUR, IL;960;960;960;960;1080;1413;1434;1533;1662;1431;1530;1680;1884;1893;1440;1632;1878;1125;1437;1722;1887;1896;1899;1905
IN094;INDIANAPOLIS, IN;1323;1323;1323;1323;1446;1530;1647;1827;1902;1614;1824;1914;2043;2064;1761;1884;2034;1521;1725;1938;2052;2067;2070;2103
IN097;FORT WAYNE, IN;1179;1179;1179;1179;1317;1464;1575;1773;1836;1533;1770;1845;1959;1992;1716;1821;1947;1422;1671;1866;1977;1995;2019;2049
IN338;TERRE HAUTE, IN;978;978;978;978;1101;1176;1206;1278;1368;1203;1275;1380;1542;1593;1212;1347;1524;1173;1209;1413;1575;1701;1713;1725
IN399;BLOOMINGTON, IN;1239;1239;1239;1239;1398;1554;1653;1761;1851;1629;1758;1854;1896;2037;1749;1764;1893;1548;1719;1857;2028;2202;2358;2394
KS100;FORT RILEY, KS;867;867;867;867;954;1254;1275;1326;1452;1272;1323;1470;1677;1704;1281;1425;1665;1011;1278;1512;1692;1707;1725;1752
KS101;WICHITA/MCCONNELL AFB, KS;888;888;888;888;1014;1209;1230;1275;1398;1227;1272;1413;1611;1617;1236;1368;1605;1089;1233;1455;1614;1677;1689;1698
KS102;FORT LEAVENWORTH, KS;1278;1278;1278;1278;1446;1548;1596;1719;1824;1593;1716;1839;2025;2097;1638;1800;2004;1545;1626;1875;2079;2121;2187;2220
KS105;TOPEKA, KS;954;954;954;954;1077;1269;1290;1494;1563;1287;1491;1572;1692;1698;1434;1545;1686;1107;1383;1596;1695;1740;1752;1764
KY106;FORT CAMPBELL, KY;1353;1353;1353;1353;1488;1572;1638;1770;1866;1629;1767;1869;2022;2169;1707;1827;1980;1569;1686;1884;2139;2247;2370;2409
KY107;LEXINGTON, KY;1116;1116;1116;1116;1236;1383;1491;1677;1734;1452;1674;1743;1857;1920;1626;1719;1836;1344;1581;1764;1902;1938;1995;2028
KY109;LOUISVILLE, KY;1263;1263;1263;1263;1416;1563;1689;1902;1965;1638;1899;1974;2082;2091;1845;1950;2076;1518;1794;1995;2085;2103;2118;2133
KY110;FORT KNOX, KY;996;996;996;996;1116;1311;1389;1473;1590;1329;1437;1593;1770;1878;1404;1527;1740;1188;1392;1605;1854;1917;2016;2049
KY339;FRANKFORT, KY;816;816;816;816;906;1158;1203;1278;1374;1176;1275;1389;1557;1620;1212;1353;1539;969;1206;1419;1602;1635;1692;1716
KY430;PADUCAH, KY;918;918;918;918;1011;1257;1347;1446;1554;1275;1392;1557;1704;1827;1365;1491;1668;1074;1350;1560;1800;1875;1992;2022
LA113;ALEXANDRIA, LA;813;813;813;813;939;1146;1197;1254;1329;1164;1221;1341;1542;1611;1206;1299;1521;1017;1200;1380;1593;1635;1695;1722
LA114;BATON ROUGE, LA;1311;1311;1311;1311;1452;1539;1626;1776;1854;1608;1773;1866;1995;2004;1710;1836;1989;1536;1686;1893;1998;2007;2010;2019
LA115;FORT JOHNSON, LA;765;765;765;765;852;1077;1164;1257;1347;1095;1203;1350;1464;1578;1179;1296;1431;909;1167;1353;1551;1620;1731;1755
LA116;NEW ORLEANS, LA;1197;1197;1197;1197;1398;1590;1707;1836;1977;1608;1761;1980;2157;2316;1731;1896;2115;1512;1710;1983;2283;2382;2535;2577
LA117;SHREVEPORT/BARKSDALE AFB, LA;1065;1065;1065;1065;1209;1389;1422;1599;1689;1407;1596;1701;1857;1899;1524;1668;1845;1308;1494;1731;1884;1905;1938;1968
LA118;LAFAYETTE, LA;1155;1155;1155;1155;1320;1422;1521;1665;1710;1497;1662;1719;1827;1920;1617;1701;1800;1416;1587;1737;1896;1953;2037;2070
LA326;ST MARY AND TERREBONNE, LA;1065;1065;1065;1065;1245;1359;1416;1524;1569;1413;1521;1578;1683;1776;1476;1557;1656;1356;1461;1593;1752;1806;1893;1923
LA370;LAKE CHARLES, LA;945;945;945;945;1080;1212;1284;1362;1470;1230;1359;1473;1638;1731;1293;1431;1611;1164;1287;1497;1707;1824;1848;1878
LA371;MONROE, LA;783;783;783;783;894;1218;1239;1251;1359;1236;1248;1377;1626;1638;1245;1323;1617;966;1242;1428;1629;1641;1644;1659
MA119;NANTUCKET, MA;2526;2526;2526;2526;2946;3300;3381;3726;3981;3318;3723;4011;4425;4530;3552;3924;4395;3174;3492;4095;4506;4566;4665;4752
MA120;BOSTON, MA;3108;3108;3108;3108;3480;3705;4167;4662;4674;3969;4659;4680;4737;4836;4635;4671;4707;3642;4473;4686;4812;4872;4965;5055
MA122;WORCESTER, MA;2118;2118;2118;2118;2289;2406;2577;2826;2922;2520;2823;2934;3123;3258;2751;2898;3084;2388;2694;2967;3228;3447;3477;3507
MA123;FITCHBURG, MA;2151;2151;2151;2151;2568;2793;2868;2985;3030;2856;2982;3039;3171;3363;2940;3021;3120;2790;2919;3057;3327;3447;3636;3699
MA124;CAPE COD-PLYMOUTH, MA;2748;2748;2748;2748;2934;3042;3114;3282;3417;3105;3279;3435;3693;3882;3183;3387;3642;3039;3165;3480;3846;3963;4146;4221
MA125;ESSEX CO, MA;2334;2334;2334;2334;2580;2748;3012;3306;3318;2910;3303;3324;3417;3642;3279;3315;3357;2718;3189;3330;3603;3741;3966;4038
MA126;HAMPDEN COUNTY, MA;1548;1548;1548;1548;1800;1995;2139;2289;2427;2040;2268;2433;2706;2895;2166;2382;2655;1959;2142;2481;2859;2976;3159;3216
MA151;MARTHA'S VINEYARD, MA;2397;2397;2397;2397;2688;2988;3207;3594;3738;3099;3591;3756;4020;4164;3489;3708;3978;2898;3393;3804;4134;4221;4362;4440
MA377;HANSCOM AFB, MA;2856;2856;2856;2856;3336;3600;3729;3912;3972;3690;3909;3981;4113;4218;3855;3957;4083;3588;3816;4005;4194;4257;4359;4437
MD127;ABERDEEN PROVING GROUNDS, MD;1701;1701;1701;1701;1761;1833;1989;2220;2298;1935;2217;2310;2466;2568;2154;2280;2436;1809;2100;2337;2544;2604;2700;2745
MD128;ANNAPOLIS, MD;2130;2130;2130;2130;2277;2382;2559;2808;2892;2499;2805;2904;3051;3096;2739;2871;3036;2364;2679;2931;3081;3105;3144;3198
MD129;BALTIMORE, MD;1728;1728;1728;1728;1950;2091;2271;2520;2610;2208;2517;2622;2787;2871;2448;2589;2763;2073;2391;2652;2850;2898;2976;3027
MD130;FORT DETRICK, MD;1776;1776;1776;1776;1944;2130;2178;2418;2574;2148;2415;2592;2838;2847;2304;2538;2832;2043;2265;2646;2841;2850;2853;2877
MD133;FORT G. G. MEADE, MD;1998;1998;1998;1998;2265;2421;2529;2730;2853;2502;2727;2868;3069;3108;2637;2823;3057;2415;2604;2910;3093;3114;3144;3198
MD134;INDIAN HEAD NAVORDSTA, MD;2226;2226;2226;2226;2631;2859;2967;3117;3147;2940;3114;3156;3249;3372;3078;3138;3213;2850;3045;3168;3345;3420;3537;3597
MD135;PATUXENT RIVER, MD;1755;1755;1755;1755;1896;1995;2139;2298;2304;2094;2295;2307;2319;2421;2286;2301;2313;1980;2238;2310;2397;2457;2553;2595
MD432;EASTERN SHORE, MD;1434;1434;1434;1434;1560;1644;1749;1917;1989;1722;1914;2001;2121;2130;1854;1971;2115;1635;1824;2025;2124;2133;2136;2148
MD458;OXFORD, MD;1443;1443;1443;1443;1605;1806;1929;2178;2259;1869;2175;2271;2427;2514;2109;2241;2400;1731;2052;2298;2493;2544;2625;2670
ME136;BRUNSWICK, ME;1416;1416;1416;1416;1587;1710;1968;2292;2568;1830;2112;2571;2613;2754;2079;2442;2610;1692;2016;2574;2751;2928;3312;3369
ME139;PORTLAND, ME;2121;2121;2121;2121;2409;2667;2829;3069;3162;2775;3066;3174;3387;3618;2994;3141;3324;2649;2940;3207;3576;3723;3951;4023
ME141;COASTAL MAINE, ME;1500;1500;1500;1500;1677;1968;2004;2316;2427;1983;2313;2442;2625;2646;2232;2403;2616;1755;2154;2478;2634;2649;2655;2700
ME390;BANGOR, ME;1203;1203;1203;1203;1371;1512;1605;1743;1794;1584;1740;1803;1923;2064;1695;1782;1884;1506;1668;1818;2034;2121;2256;2292
MI142;DETROIT, MI;1413;1413;1413;1413;1647;1728;1899;2223;2244;1782;2220;2253;2319;2397;2193;2241;2295;1662;2091;2262;2379;2511;2532;2553
MI143;MARQUETTE, MI;1161;1161;1161;1161;1302;1479;1560;1788;1851;1497;1785;1860;1995;2103;1731;1836;1965;1359;1674;1884;2079;2145;2247;2283
MI145;SAULT STE MARIE, MI;906;906;906;906;996;1122;1206;1371;1410;1173;1368;1419;1503;1539;1326;1401;1491;1077;1290;1434;1524;1542;1569;1590
MI146;TRAVERSE CITY, MI;1410;1410;1410;1410;1521;1593;1653;1788;1965;1608;1713;1968;2076;2247;1680;1851;2031;1590;1656;1971;2214;2430;2481;2523
MI148;GRAND HAVEN, MI;1464;1464;1464;1464;1539;1611;1740;1935;2010;1698;1932;2022;2157;2193;1872;1992;2142;1593;1830;2049;2181;2199;2229;2265
MI152;BATTLE CREEK/KALAMAZOO, MI;1104;1104;1104;1104;1278;1533;1635;1779;1872;1551;1776;1887;2076;2211;1701;1851;2037;1314;1638;1920;2184;2265;2397;2436
MI153;LANSING, MI;1080;1080;1080;1080;1203;1368;1443;1638;1701;1401;1635;1713;1833;1875;1578;1686;1818;1293;1536;1734;1860;1881;1917;1947
MI154;GRAND RAPIDS, MI;1302;1302;1302;1302;1449;1572;1737;1941;1971;1683;1938;1977;2046;2067;1905;1965;2034;1557;1851;1989;2055;2217;2232;2250
MI155;ANN ARBOR, MI;1518;1518;1518;1518;1692;2094;2175;2355;2517;2109;2352;2535;2814;2925;2238;2481;2784;1800;2178;2589;2901;2967;3072;3126
MI156;SAGINAW, MI;954;954;954;954;1059;1239;1266;1467;1530;1257;1464;1539;1656;1680;1407;1515;1647;1110;1362;1563;1668;1683;1695;1719
MN158;DULUTH, MN;1278;1278;1278;1278;1443;1572;1626;1791;1902;1611;1788;1917;2100;2130;1704;1875;2088;1539;1683;1953;2115;2133;2151;2184
MN159;MINNEAPOLIS/ST PAUL, MN;1491;1491;1491;1491;1713;1941;2001;2349;2433;1956;2346;2445;2589;2607;2280;2415;2580;1746;2184;2475;2595;2610;2616;2661
MO160;KANSAS CITY, MO;1275;1275;1275;1275;1437;1569;1701;1884;1941;1662;1881;1950;2052;2064;1833;1929;2046;1557;1791;1971;2055;2067;2070;2088
MO161;ST. LOUIS, MO;1461;1461;1461;1461;1665;1800;1950;2163;2226;1902;2160;2238;2361;2415;2103;2211;2343;1785;2055;2259;2397;2427;2472;2514
MO162;WHITEMAN AFB, MO;909;909;909;909;1059;1209;1284;1461;1509;1227;1458;1521;1635;1734;1410;1497;1605;1086;1347;1539;1710;1770;1863;1893
MO163;FORT LEONARD WOOD, MO;909;909;909;909;996;1089;1155;1221;1299;1107;1209;1311;1473;1557;1164;1278;1446;1053;1158;1341;1536;1587;1665;1692
MO164;SPRINGFIELD, MO;930;930;930;930;996;1347;1368;1386;1539;1365;1383;1557;1800;1824;1374;1506;1791;1044;1371;1608;1809;1827;1836;1863
MO165;COLUMBIA/JEFFERSON CITY, MO;912;912;912;912;960;1029;1158;1293;1434;1077;1230;1437;1467;1584;1185;1359;1464;999;1161;1440;1563;1692;1824;1851
MS168;GULFPORT, MS;1200;1200;1200;1200;1266;1314;1365;1419;1497;1362;1416;1500;1539;1665;1407;1422;1536;1311;1395;1503;1662;1824;1890;1920
MS169;COLUMBUS AFB, MS;936;936;936;936;972;1239;1278;1320;1434;1257;1308;1452;1662;1716;1284;1407;1644;1005;1281;1494;1698;1731;1776;1803
MS170;JACKSON, MS;1137;1137;1137;1137;1317;1440;1515;1650;1722;1503;1647;1734;1881;1983;1587;1704;1851;1437;1566;1758;1959;2028;2112;2148
MS171;MERIDIAN, MS;834;834;834;834;900;1104;1164;1233;1320;1122;1230;1332;1488;1566;1173;1299;1464;948;1167;1359;1548;1617;1665;1689
MS172;HATTIESBURG, MS;1077;1077;1077;1077;1224;1314;1332;1353;1392;1329;1350;1401;1500;1596;1338;1383;1473;1311;1335;1416;1575;1653;1722;1749
MT175;MALMSTROM SFB/GREAT FALLS, MT;984;984;984;984;1113;1257;1356;1461;1578;1272;1428;1581;1704;1839;1374;1509;1668;1191;1359;1584;1809;1890;2019;2052
MT347;HELENA, MT;1350;1350;1350;1350;1446;1761;1869;1986;2112;1776;1920;2115;2379;2526;1890;2040;2340;1509;1872;2121;2496;2586;2730;2775
NC176;OUTER BANKS, NC;1518;1518;1518;1518;1776;1923;2004;2130;2172;1989;2127;2181;2262;2280;2085;2160;2253;1920;2061;2196;2268;2283;2286;2322
NC177;MOREHEAD/CHERRY PT MCAS, NC;1473;1473;1473;1473;1533;1584;1629;1710;1749;1626;1707;1758;1863;1989;1668;1740;1827;1581;1659;1773;1962;2037;2160;2193
NC178;CAMP LEJEUNE, NC;1095;1095;1095;1095;1248;1431;1452;1536;1674;1449;1533;1689;1908;1914;1458;1641;1902;1338;1455;1737;1911;1917;1920;1929
NC179;CHARLOTTE, NC;1506;1506;1506;1506;1713;1845;2001;2181;2187;1950;2178;2193;2220;2226;2157;2184;2214;1830;2106;2196;2223;2229;2232;2247
NC180;DURHAM/CHAPEL HILL, NC;1500;1500;1500;1500;1641;1734;1854;2049;2142;1821;2046;2157;2313;2340;1974;2121;2304;1725;1938;2187;2328;2343;2358;2397
NC181;ELIZABETH CITY, NC;1545;1545;1545;1545;1743;1869;2022;2199;2205;1974;2196;2208;2232;2238;2175;2202;2226;1854;2127;2211;2235;2241;2244;2262
NC182;FORT LIBERTY/POPE, NC;1383;1383;1383;1383;1488;1557;1635;1776;1851;1623;1773;1863;1992;2007;1713;1833;1986;1554;1689;1890;1995;2010;2013;2034
NC183;SEYMOUR JOHNSON AFB, NC;1197;1197;1197;1197;1299;1368;1386;1422;1521;1383;1419;1524;1668;1782;1392;1482;1635;1365;1389;1539;1755;1824;1932;1962
NC184;GREENSBORO, NC;1158;1158;1158;1158;1311;1461;1548;1731;1806;1512;1728;1818;1953;1992;1668;1791;1941;1416;1629;1845;1977;1998;2028;2061
NC185;RALEIGH, NC;1521;1521;1521;1521;1692;1806;1959;2130;2136;1911;2127;2139;2148;2187;2115;2133;2145;1788;2064;2142;2169;2199;2244;2280
NC186;WILMINGTON, NC;1485;1485;1485;1485;1668;1869;1887;2082;2232;1884;2079;2253;2490;2496;1974;2199;2484;1773;1944;2301;2493;2499;2502;2520
NC187;ASHEVILLE, NC;1545;1545;1545;1545;1713;1824;1992;2217;2283;1935;2214;2292;2424;2508;2157;2265;2400;1809;2103;2316;2487;2757;2778;2802
ND188;BISMARCK, ND;978;978;978;978;1134;1485;1506;1608;1746;1503;1605;1764;1983;2010;1512;1716;1974;1179;1509;1809;1995;2013;2025;2058
ND189;FARGO, ND;831;831;831;831;966;1404;1464;1527;1599;1422;1491;1602;1890;1968;1473;1554;1866;1023;1467;1659;1947;1992;2064;2097
ND190;GRAND FORKS, ND;960;960;960;960;1158;1368;1389;1605;1683;1386;1602;1695;1827;1845;1539;1665;1818;1188;1455;1722;1833;1848;1851;1878
ND191;MINOT AFB, ND;930;930;930;930;1041;1362;1383;1479;1602;1380;1476;1617;1815;1821;1389;1575;1809;1086;1386;1659;1818;1824;1827;1833
NE192;OMAHA/OFFUTT AFB, NE;1188;1188;1188;1188;1329;1608;1632;1827;1944;1629;1824;1959;2145;2154;1737;1917;2139;1422;1689;1998;2148;2166;2181;2196
NE193;LINCOLN, NE;1086;1086;1086;1086;1203;1425;1464;1668;1749;1443;1665;1761;1911;1959;1599;1731;1893;1284;1551;1791;1944;1971;2010;2043
NH194;PORTSMOUTH, NH/KITTERY, ME;2016;2016;2016;2016;2274;2442;2673;2979;3072;2586;2976;3084;3282;3474;2904;3051;3231;2415;2826;3117;3438;3660;3741;3807
NH195;MANCHESTER/CONCORD, NH;1977;1977;1977;1977;2280;2478;2643;2868;2943;2589;2865;2952;3138;3387;2805;2925;3072;2463;2751;2979;3342;3498;3747;3813
NJ196;ATLANTIC CITY, NJ;1836;1836;1836;1836;2097;2244;2307;2487;2649;2301;2484;2667;2955;3114;2373;2613;2910;2241;2355;2721;3081;3180;3333;3393
NJ198;CAPE MAY, NJ;1542;1542;1542;1542;1728;1902;2061;2322;2397;1992;2319;2409;2553;2628;2259;2379;2529;1842;2193;2436;2607;2652;2718;2766
NJ200;FORT MONMOUTH/EARLE NWS, NJ;2349;2349;2349;2349;2769;3021;3132;3351;3492;3102;3348;3510;3768;3924;3246;3459;3726;3012;3210;3555;3894;3990;4143;4215
NJ201;PERTH AMBOY, NJ;2160;2160;2160;2160;2616;2859;2877;2997;3219;2874;2994;3246;3582;3591;2883;3171;3576;2856;2880;3318;3585;3594;3597;3636
NJ202;NORTHERN NEW JERSEY, NJ;2793;2793;2793;2793;3156;3444;3735;4083;4143;3621;4080;4155;4260;4266;4029;4128;4254;3408;3930;4176;4263;4269;4272;4326
NJ203;TRENTON, NJ;2205;2205;2205;2205;2565;2784;2943;3198;3321;2892;3195;3339;3558;3651;3105;3294;3531;2769;3051;3378;3627;3684;3768;3837
NJ204;JB MCGUIRE-DIX-LAKEHURST, NJ;1875;1875;1875;1875;2181;2412;2502;2754;2928;2460;2751;2949;3216;3222;2634;2889;3210;2355;2592;3003;3219;3225;3228;3261
NM205;HOLLOMAN AFB/ALAMOGORDO, NM;930;930;930;930;1041;1164;1206;1431;1467;1182;1428;1476;1563;1623;1386;1458;1545;1065;1326;1491;1605;1638;1686;1713
NM206;ALBUQUERQUE/KIRTLAND AFB, NM;1563;1563;1563;1563;1611;1671;1887;2130;2139;1809;2127;2145;2184;2220;2103;2136;2172;1647;2031;2151;2205;2223;2250;2286
NM207;CANNON AFB/CLOVIS, NM;858;858;858;858;960;1113;1167;1326;1380;1131;1323;1389;1500;1566;1275;1368;1479;1002;1233;1407;1548;1587;1647;1671
NM209;WHITE SANDS MR/LAS CRUCES, NM;1017;1017;1017;1017;1137;1221;1362;1545;1566;1314;1542;1575;1653;1776;1512;1560;1620;1197;1461;1584;1752;1824;1941;1971
NM210;SANTA FE/LOS ALAMOS, NM;1764;1764;1764;1764;1977;2355;2376;2739;2886;2373;2736;2907;3141;3147;2631;2853;3135;2067;2538;2955;3144;3150;3153;3186
NV211;FALLON NAS, NV;1014;1014;1014;1014;1149;1263;1353;1509;1668;1335;1482;1671;1707;1848;1443;1581;1704;1257;1416;1674;1818;1968;2127;2160
NV212;NELLIS AFB/LAS VEGAS, NV;1485;1485;1485;1485;1647;1752;1884;2043;2055;1845;2040;2061;2118;2205;2016;2052;2094;1740;1974;2067;2184;2235;2313;2352
NV213;RENO/CARSON CITY, NV;1584;1584;1584;1584;1761;1959;2100;2406;2478;2007;2403;2487;2619;2655;2343;2460;2604;1830;2262;2514;2640;2658;2688;2733
NY215;BALLSTON SPA/ALBANY, NY;1860;1860;1860;1860;1905;2004;2178;2454;2532;2100;2451;2544;2691;2772;2391;2514;2667;1941;2319;2568;2751;2799;2874;2922
NY216;BUFFALO, NY;1440;1440;1440;1440;1602;1638;1800;2154;2160;1668;2151;2163;2208;2310;2133;2157;2178;1614;2019;2166;2286;2349;2448;2487
NY217;WEST POINT, NY;1932;1932;1932;1932;2229;2688;2724;2904;3165;2706;2901;3192;3594;3639;2733;3108;3579;2409;2727;3276;3624;3648;3684;3750
NY218;LONG ISLAND, NY;2892;2892;2892;2892;3165;3390;3771;4257;4353;3603;4254;4365;4545;4650;4182;4329;4515;3315;4038;4398;4626;4689;4788;4875
NY219;NEW YORK CITY, NY;3645;3645;3645;3645;4143;4407;4425;4437;4443;4422;4434;4446;4455;4614;4431;4440;4452;4404;4428;4449;4581;4683;4848;4938
NY221;ROCHESTER, NY;1272;1272;1272;1272;1458;1662;1728;2004;2079;1683;2001;2091;2238;2322;1941;2061;2211;1488;1860;2118;2301;2352;2430;2469
NY222;ROME/GRIFFISS AFB, NY;1350;1350;1350;1350;1500;1869;1926;2103;2247;1890;2100;2265;2511;2586;1995;2214;2487;1596;1932;2313;2565;2610;2679;2724
NY223;SYRACUSE, NY;1230;1230;1230;1230;1344;1560;1701;1851;1986;1578;1806;1989;2124;2313;1734;1923;2073;1416;1704;1992;2277;2394;2580;2622
NY225;FORT DRUM/WATERTOWN, NY;1128;1128;1128;1128;1254;1338;1437;1599;1734;1404;1554;1737;1764;1965;1506;1674;1752;1332;1482;1740;1929;2052;2250;2286
NY349;WESTCHESTER COUNTY, NY;2685;2685;2685;2685;3093;3540;3837;4155;4533;3564;3981;4536;4815;5211;3897;4302;4713;3351;3840;4539;5145;5445;5790;5898
NY413;STATEN ISLAND, NY;2754;2754;2754;2754;2922;3033;3171;3408;3537;3129;3405;3555;3789;3918;3312;3507;3756;3021;3267;3597;3891;3966;4086;4161
OH227;AKRON, OH;1053;1053;1053;1053;1257;1446;1470;1488;1650;1467;1482;1671;1935;1959;1476;1614;1923;1374;1473;1725;1947;1962;1977;2010
OH228;CINCINNATI, OH;1437;1437;1437;1437;1644;1734;1929;2223;2247;1830;2220;2253;2310;2316;2190;2241;2304;1662;2100;2265;2313;2319;2322;2337
OH229;CLEVELAND, OH;1185;1185;1185;1185;1338;1521;1584;1839;1905;1539;1836;1914;2043;2109;1779;1887;2022;1371;1716;1938;2091;2205;2220;2238
OH230;COLUMBUS, OH;1320;1320;1320;1320;1461;1602;1674;1821;1935;1623;1818;1950;2157;2253;1731;1908;2130;1545;1704;1989;2232;2289;2379;2418
OH231;WRIGHT-PATTERSON AFB, OH;1011;1011;1011;1011;1137;1245;1350;1500;1545;1323;1497;1554;1665;1761;1452;1536;1635;1236;1419;1572;1740;1863;1890;1917
OH232;TOLEDO, OH;1191;1191;1191;1191;1410;1422;1599;1893;1899;1494;1890;1902;1911;1917;1878;1896;1908;1419;1782;1905;1914;1920;1926;1956
OH233;YOUNGSTOWN, OH;747;747;747;747;834;906;999;1137;1167;960;1134;1170;1236;1359;1107;1149;1203;867;1071;1173;1332;1407;1527;1548
OK235;ALTUS AFB, OK;852;852;852;852;966;1056;1125;1200;1293;1074;1164;1296;1428;1521;1137;1233;1401;1035;1128;1299;1497;1554;1641;1665
OK236;VANCE AFB/ENID, OK;747;747;747;747;834;978;1068;1167;1281;993;1110;1284;1329;1452;1086;1212;1311;891;1071;1287;1425;1548;1617;1641
OK237;FORT SILL/LAWTON, OK;882;882;882;882;1008;1086;1125;1203;1266;1122;1200;1278;1407;1497;1146;1251;1383;1083;1140;1299;1473;1527;1608;1632
OK239;OKLAHOMA CITY, OK;1137;1137;1137;1137;1284;1377;1449;1578;1641;1437;1575;1653;1767;1788;1521;1626;1758;1374;1500;1674;1776;1791;1797;1824
OK240;TULSA, OK;1023;1023;1023;1023;1158;1311;1371;1524;1602;1344;1521;1614;1764;1845;1458;1584;1740;1266;1431;1641;1824;1872;1947;1977
OR241;ASTORIA, OR;1377;1377;1377;1377;1470;1788;1923;2067;2220;1809;1983;2223;2427;2604;1950;2130;2379;1530;1926;2226;2571;2679;2853;2901
OR242;COOS BAY, OR;1254;1254;1254;1254;1386;1635;1776;1923;2064;1656;1917;2067;2226;2409;1845;1992;2175;1491;1791;2070;2376;2490;2670;2715
OR243;PORTLAND, OR;1635;1635;1635;1635;1836;2058;2169;2451;2559;2100;2448;2574;2769;2871;2370;2535;2739;1950;2304;2610;2847;2910;3006;3057
OR244;SALEM, OR;1383;1383;1383;1383;1539;1665;1785;1992;2073;1740;1989;2085;2247;2361;1926;2055;2214;1629;1881;2112;2337;2406;2514;2556
OR245;CORVALLIS, OR;1617;1617;1617;1617;1785;1899;2067;2301;2376;2010;2298;2388;2526;2565;2238;2361;2511;1881;2181;2415;2550;2793;2814;2838
OR246;EUGENE, OR;1485;1485;1485;1485;1668;1776;1860;2001;2070;1845;1998;2082;2238;2397;1941;2055;2196;1773;1917;2106;2367;2466;2619;2664
PA247;CARLISLE BARRACKS, PA;1326;1326;1326;1326;1479;1662;1773;2001;2076;1719;1998;2088;2232;2319;1938;2058;2208;1590;1884;2112;2298;2346;2424;2466
PA248;PHILADELPHIA, PA/CAMDEN, NJ;1779;1779;1779;1779;1923;2049;2223;2487;2574;2157;2484;2589;2736;2760;2418;2556;2727;2010;2352;2619;2748;2763;2775;2823
PA249;WILLOW GROVE, PA;1917;1917;1917;1917;2157;2361;2562;2838;2931;2490;2835;2943;3108;3165;2766;2910;3087;2337;2697;2973;3147;3183;3234;3291
PA250;PITTSBURGH, PA;1428;1428;1428;1428;1599;1692;1911;2163;2187;1830;2160;2196;2250;2259;2130;2181;2244;1668;2055;2205;2253;2460;2481;2499
PA252;STATE COLLEGE, PA;1098;1098;1098;1098;1281;1590;1662;1731;1842;1611;1689;1845;2142;2232;1671;1782;2115;1410;1665;1902;2211;2265;2349;2388
PA253;ERIE, PA;1140;1140;1140;1140;1215;1272;1311;1389;1452;1308;1386;1461;1593;1683;1332;1437;1566;1269;1326;1485;1662;1713;1797;1824
PA254;WILKES-BARRE/SCRANTON, PA;1233;1233;1233;1233;1359;1446;1575;1740;1767;1539;1737;1773;1836;1872;1707;1758;1824;1434;1665;1782;1857;1938;1953;1968
PA255;ALLENTOWN/BETHLEHEM, PA;1617;1617;1617;1617;1827;1947;2001;2157;2298;1998;2154;2316;2547;2571;2052;2268;2535;1944;2040;2364;2559;2574;2589;2631
RI256;NEWPORT, RI;1797;1797;1797;1797;2061;2526;2655;2790;2916;2544;2712;2946;3408;3579;2679;2853;3363;2208;2658;3036;3546;3651;3819;3885
RI257;PROVIDENCE, RI;2034;2034;2034;2034;2400;2637;2712;2835;2889;2700;2832;2898;3030;3195;2787;2877;2985;2634;2766;2916;3162;3264;3426;3486
SC258;BEAUFORT/PARRIS ISLAND, SC;1824;1824;1824;1824;2097;2253;2307;2427;2499;2304;2424;2508;2652;2736;2364;2481;2625;2250;2349;2535;2715;2766;2844;2892
SC259;CHARLESTON, SC;1695;1695;1695;1695;1869;1989;2175;2415;2469;2109;2412;2478;2592;2652;2361;2457;2571;1968;2301;2499;2634;2667;2721;2766
SC260;COLUMBIA/FORT JACKSON, SC;1401;1401;1401;1401;1566;1668;1758;1872;1878;1740;1869;1884;1929;1998;1848;1875;1908;1662;1821;1890;1980;2022;2085;2118
SC261;GREENVILLE, SC;1293;1293;1293;1293;1428;1521;1659;1824;1839;1617;1821;1845;1902;1971;1794;1833;1881;1509;1752;1851;1953;1995;2058;2088
SC262;MYRTLE BEACH, SC;1638;1638;1638;1638;1776;1872;1998;2166;2202;1962;2163;2208;2307;2424;2124;2193;2274;1860;2085;2223;2400;2469;2583;2625
SC263;SUMTER/SHAW AFB, SC;969;969;969;969;1071;1365;1389;1485;1608;1383;1482;1623;1827;1857;1395;1581;1815;1188;1392;1665;1845;1860;1884;1914
SD264;RAPID CITY/ELLSWORTH AFB, SD;1335;1335;1335;1335;1461;1557;1740;1947;1959;1677;1944;1965;2010;2067;1920;1956;1992;1539;1860;1971;2049;2082;2130;2163
SD265;SIOUX FALLS, SD;1038;1038;1038;1038;1119;1518;1539;1578;1743;1536;1575;1764;2022;2031;1545;1707;2016;1173;1542;1818;2025;2034;2037;2046
TN266;CHATTANOOGA, TN;1374;1374;1374;1374;1518;1797;1818;1962;2124;1815;1959;2145;2397;2403;1845;2088;2391;1605;1821;2196;2400;2406;2409;2427
TN267;KNOXVILLE, TN;1356;1356;1356;1356;1578;1809;1854;2001;2154;1827;1998;2172;2424;2487;1890;2118;2406;1716;1866;2223;2469;2502;2556;2598
TN268;MEMPHIS, TN;1485;1485;1485;1485;1707;1842;1965;2100;2106;1929;2097;2109;2118;2124;2088;2103;2115;1830;2049;2112;2121;2127;2130;2133
TN269;NASHVILLE, TN;1674;1674;1674;1674;1791;2022;2049;2316;2457;2037;2313;2475;2697;2727;2214;2424;2688;1866;2160;2520;2715;2730;2751;2796
TN353;JOHNSON CITY/KINGSPORT, TN;987;987;987;987;1131;1314;1428;1554;1707;1332;1482;1710;1788;1941;1452;1608;1755;1221;1431;1713;1911;2112;2154;2187
TX270;ABILENE/DYESS AFB, TX;975;975;975;975;1083;1470;1491;1539;1695;1488;1536;1713;1959;1968;1497;1659;1953;1167;1494;1767;1962;1971;1974;1980
TX272;AUSTIN, TX;1611;1611;1611;1611;1797;2193;2274;2505;2661;2211;2502;2679;2946;3057;2394;2625;2916;1899;2313;2730;3033;3099;3201;3258
TX273;BEAUMONT, TX;996;996;996;996;1113;1329;1347;1545;1623;1344;1542;1635;1770;1776;1479;1605;1764;1173;1431;1662;1773;1851;1866;1878
TX274;COLLEGE STATION, TX;1146;1146;1146;1146;1176;1473;1557;1647;1773;1491;1596;1776;1989;2103;1572;1689;1956;1203;1560;1779;2076;2145;2253;2289
TX275;CORPUS CHRISTI, TX;1164;1164;1164;1164;1305;1605;1626;1791;1920;1623;1788;1935;2139;2151;1695;1890;2133;1398;1650;1977;2142;2154;2157;2175
TX277;DALLAS, TX;1656;1656;1656;1656;1851;2067;2217;2532;2610;2124;2529;2622;2757;2772;2466;2592;2751;1944;2382;2652;2760;2775;2778;2814
TX278;LAUGHLIN AFB/DEL RIO, TX;885;885;885;885;978;1293;1359;1428;1533;1311;1392;1536;1746;1833;1371;1485;1719;1050;1362;1569;1812;1863;1944;1974
TX279;EL PASO, TX;1176;1176;1176;1176;1287;1482;1500;1698;1797;1497;1695;1809;1977;2004;1617;1773;1968;1356;1578;1845;1989;2007;2022;2052
TX281;BROWNSVILLE, TX;1149;1149;1149;1149;1272;1476;1533;1737;1818;1494;1734;1830;1983;2052;1668;1800;1962;1386;1626;1860;2034;2073;2136;2169
TX282;HOUSTON, TX;1401;1401;1401;1401;1563;1680;1872;2124;2160;1797;2121;2169;2241;2247;2082;2151;2235;1641;2013;2181;2244;2250;2253;2268
TX283;LUBBOCK, TX;984;984;984;984;1152;1320;1353;1587;1644;1335;1584;1656;1767;1815;1533;1632;1752;1179;1461;1674;1797;1824;1863;1893
TX284;GOODFELLOW AFB, TX;945;945;945;945;1077;1209;1308;1476;1518;1227;1473;1527;1641;1773;1431;1509;1605;1098;1377;1545;1743;1824;1950;1980
TX285;SAN ANTONIO, TX;1353;1353;1353;1353;1524;1659;1806;2004;2055;1761;2001;2064;2160;2166;1953;2043;2154;1644;1905;2085;2163;2169;2172;2184
TX286;FORT CAVAZOS, TX;1218;1218;1218;1218;1323;1395;1416;1449;1500;1413;1446;1509;1629;1734;1422;1488;1599;1392;1419;1530;1710;1773;1872;1899
TX288;WICHITA FLS/SHEPPARD AFB, TX;936;936;936;936;1029;1410;1497;1590;1677;1425;1536;1680;1905;2022;1512;1635;1872;1137;1500;1689;1995;2067;2178;2214
TX356;FORT WORTH, TX;1440;1440;1440;1440;1593;1770;1929;2178;2241;1860;2175;2250;2358;2370;2121;2226;2352;1716;2058;2271;2361;2373;2376;2400
TX415;WACO, TX;1368;1368;1368;1368;1377;1476;1536;1686;1788;1494;1683;1803;1983;2061;1608;1764;1962;1395;1578;1836;2043;2121;2160;2193
UT291;OGDEN/HILL AFB, UT;1476;1476;1476;1476;1605;1698;1854;2049;2079;1803;2046;2088;2160;2199;2013;2073;2145;1683;1962;2100;2184;2205;2238;2274
UT292;SALT LAKE CITY, UT;1443;1443;1443;1443;1602;1713;1881;2103;2166;1824;2100;2175;2334;2541;2049;2151;2277;1695;1992;2196;2502;2631;2838;2886
UT357;PROVO, UT;1476;1476;1476;1476;1611;1710;1866;2043;2049;1815;2040;2052;2106;2253;2022;2046;2067;1692;1971;2055;2223;2313;2457;2496
VA295;CHARLOTTESVILLE, VA;1545;1545;1545;1545;1683;1869;1956;2085;2238;1887;2082;2256;2520;2631;1977;2202;2487;1767;1959;2307;2607;2676;2781;2829
VA296;QUANTICO/WOODBRIDGE, VA;1938;1938;1938;1938;2160;2292;2577;2922;2964;2460;2919;2973;3066;3132;2877;2952;3048;2244;2775;2988;3114;3150;3207;3264
VA297;HAMPTON/NEWPORT NEWS, VA;1437;1437;1437;1437;1581;1686;1860;2067;2079;1800;2064;2085;2148;2244;2040;2076;2121;1665;1980;2094;2220;2277;2367;2406
VA298;NORFOLK/PORTSMOUTH, VA;1545;1545;1545;1545;1725;1851;2058;2298;2319;1983;2295;2328;2391;2451;2265;2313;2373;1830;2196;2337;2433;2466;2517;2559
VA301;RICHMOND/FORT GREGG-ADAMS, VA;1632;1632;1632;1632;1713;1782;1938;2136;2175;1887;2133;2184;2259;2268;2091;2166;2253;1767;2043;2199;2262;2271;2274;2286
VA302;WARRENTON, VA;1962;1962;1962;1962;2211;2367;2550;2799;2877;2487;2796;2889;3036;3114;2736;2859;3012;2349;2673;2916;3096;3141;3213;3270
VA303;LEXINGTON, VA;1119;1119;1119;1119;1146;1395;1416;1494;1629;1413;1491;1647;1860;1869;1422;1599;1854;1173;1419;1692;1863;1872;1875;1881
VA362;ROANOKE, VA;1230;1230;1230;1230;1368;1500;1644;1866;1911;1584;1863;1920;2016;2088;1821;1899;1995;1449;1764;1935;2070;2109;2172;2208
VA368;DAHLGREN/FORT WALKER, VA;1758;1758;1758;1758;1926;2025;2073;2193;2295;2070;2190;2310;2493;2571;2112;2271;2469;2022;2100;2343;2550;2598;2667;2712
VT305;BURLINGTON, VT;1959;1959;1959;1959;2193;2535;2670;3018;3153;2556;3015;3171;3423;3600;2919;3123;3375;2301;2820;3213;3567;3675;3849;3915
WA306;BREMERTON, WA;1710;1710;1710;1710;1875;1980;2094;2277;2355;2064;2274;2367;2532;2664;2208;2337;2493;1971;2172;2394;2637;2718;2847;2895
WA307;EVERETT, WA;1827;1827;1827;1827;2067;2325;2400;2670;2829;2343;2667;2850;3120;3219;2556;2793;3093;2199;2499;2901;3195;3255;3348;3405
WA308;PORT ANGELES, WA;1473;1473;1473;1473;1674;2034;2082;2331;2472;2052;2328;2490;2727;2790;2229;2442;2706;1722;2142;2538;2772;2808;2862;2910
WA309;SEATTLE, WA;2130;2130;2130;2130;2457;2958;3012;3141;3447;2973;3138;3480;3957;4035;3021;3381;3936;2631;3015;3579;4014;4059;4131;4203
WA310;SPOKANE, WA;1497;1497;1497;1497;1584;1959;1983;2211;2361;1977;2208;2379;2616;2649;2106;2325;2604;1641;2031;2427;2634;2652;2673;2718
WA311;TACOMA, WA;1683;1683;1683;1683;1908;2055;2241;2493;2574;2175;2490;2586;2739;2823;2427;2556;2715;2034;2364;2613;2802;2850;2928;2976
WA312;WHIDBEY ISLAND, WA;1428;1428;1428;1428;1662;1878;1977;2085;2202;1899;2025;2226;2538;2670;1995;2163;2499;1794;1980;2283;2640;2721;2850;2898
WA313;YAKIMA, WA;1098;1098;1098;1098;1221;1611;1644;1737;1890;1629;1734;1908;2157;2202;1650;1854;2142;1296;1647;1959;2184;2214;2247;2283
WI316;MADISON, WI;1431;1431;1431;1431;1587;1836;1977;2184;2277;1854;2181;2292;2493;2682;2106;2256;2442;1704;2043;2322;2646;2763;2949;2997
WI317;MILWAUKEE, WI;1494;1494;1494;1494;1674;1797;1983;2211;2250;1917;2208;2259;2379;2565;2169;2241;2328;1779;2106;2274;2529;2643;2826;2874
WI318;SPARTA/FORT MCCOY, WI;1098;1098;1098;1098;1164;1257;1284;1311;1446;1278;1308;1464;1683;1716;1290;1416;1671;1209;1287;1509;1704;1719;1743;1770
WI359;STEVENS POINT, WI;867;867;867;867;981;1176;1200;1299;1395;1194;1296;1410;1572;1605;1224;1374;1560;1053;1203;1443;1590;1608;1629;1653
WV320;MORGANTOWN, WV;1029;1029;1029;1029;1185;1320;1377;1626;1668;1341;1623;1677;1773;1821;1578;1659;1755;1209;1512;1695;1806;1833;1875;1902
WV322;HUNTINGTON, WV;1008;1008;1008;1008;1170;1272;1341;1461;1509;1332;1458;1521;1623;1680;1410;1497;1605;1269;1392;1539;1662;1767;1779;1791
WV323;CHARLESTON, WV;873;873;873;873;921;1116;1146;1209;1311;1134;1206;1323;1497;1533;1152;1287;1482;960;1149;1359;1521;1680;1689;1701
WV454;EASTERN PANHANDLE, WV;1554;1554;1554;1554;1578;1629;1767;1974;2043;1719;1971;2052;2181;2223;1914;2025;2166;1605;1866;2076;2208;2232;2268;2307
WY324;CHEYENNE, WY;1029;1029;1029;1029;1164;1428;1464;1626;1725;1446;1623;1740;1914;1965;1548;1701;1896;1200;1491;1773;1947;1977;2019;2052
ZZ510;COUNTY COST GROUP 510;903;903;903;903;999;1155;1206;1329;1401;1173;1326;1413;1554;1620;1263;1386;1533;1062;1236;1440;1602;1641;1701;1725
ZZ520;COUNTY COST GROUP 520;906;906;906;906;1005;1161;1212;1335;1410;1179;1332;1419;1560;1629;1269;1392;1542;1068;1242;1446;1608;1647;1707;1734
ZZ530;COUNTY COST GROUP 530;912;912;912;912;1011;1167;1215;1341;1416;1182;1338;1428;1569;1635;1278;1398;1548;1071;1248;1452;1617;1656;1713;1740
ZZ540;COUNTY COST GROUP 540;915;915;915;915;1014;1170;1221;1347;1422;1188;1344;1434;1575;1641;1284;1404;1554;1077;1254;1458;1623;1662;1722;1746
ZZ550;COUNTY COST GROUP 550;921;921;921;921;1020;1176;1227;1353;1428;1194;1350;1440;1581;1647;1290;1410;1560;1083;1260;1467;1629;1668;1728;1755
ZZ560;COUNTY COST GROUP 560;927;927;927;927;1026;1182;1233;1362;1437;1200;1359;1449;1590;1656;1299;1419;1569;1092;1269;1473;1638;1677;1737;1764
ZZ570;COUNTY COST GROUP 570;933;933;933;933;1035;1188;1239;1371;1446;1206;1368;1458;1599;1665;1305;1428;1578;1098;1275;1482;1647;1686;1746;1773
ZZ580;COUNTY COST GROUP 580;939;939;939;939;1041;1194;1248;1380;1455;1212;1377;1467;1608;1674;1314;1437;1587;1107;1284;1491;1656;1695;1755;1782
ZZ590;COUNTY COST GROUP 590;945;945;945;945;1050;1203;1254;1389;1464;1221;1386;1476;1620;1686;1326;1446;1599;1116;1293;1503;1668;1707;1767;1794
ZZ600;COUNTY COST GROUP 600;954;954;954;954;1059;1212;1266;1401;1476;1230;1398;1488;1632;1698;1338;1461;1611;1125;1305;1515;1680;1719;1782;1809
ZZ610;COUNTY COST GROUP 610;963;963;963;963;1071;1221;1275;1416;1491;1242;1413;1503;1644;1713;1350;1473;1623;1137;1320;1527;1695;1734;1794;1821
ZZ620;COUNTY COST GROUP 620;972;972;972;972;1080;1233;1284;1428;1503;1251;1425;1515;1659;1728;1362;1485;1638;1149;1332;1542;1707;1746;1809;1836
ZZ630;COUNTY COST GROUP 630;984;984;984;984;1092;1242;1293;1440;1518;1260;1437;1527;1671;1740;1377;1500;1650;1161;1344;1554;1722;1761;1824;1851
ZZ640;COUNTY COST GROUP 640;993;993;993;993;1101;1254;1305;1455;1530;1272;1452;1542;1686;1755;1389;1512;1665;1170;1356;1569;1734;1776;1836;1866
ZZ650;COUNTY COST GROUP 650;999;999;999;999;1110;1260;1311;1464;1539;1278;1461;1551;1695;1764;1398;1521;1674;1179;1365;1578;1746;1785;1848;1875
ZZ660;COUNTY COST GROUP 660;1005;1005;1005;1005;1116;1266;1320;1473;1548;1287;1470;1560;1704;1776;1407;1530;1683;1188;1374;1587;1755;1797;1857;1887
ZZ670;COUNTY COST GROUP 670;1014;1014;1014;1014;1125;1275;1329;1482;1560;1293;1479;1572;1716;1785;1419;1542;1695;1197;1386;1599;1767;1806;1869;1899
ZZ680;COUNTY COST GROUP 680;1020;1020;1020;1020;1134;1284;1338;1494;1569;1302;1491;1581;1725;1797;1428;1551;1704;1206;1395;1608;1776;1818;1881;1908
ZZ690;COUNTY COST GROUP 690;1029;1029;1029;1029;1146;1296;1347;1509;1584;1314;1506;1596;1743;1812;1443;1566;1722;1218;1410;1623;1794;1833;1896;1926
ZZ700;COUNTY COST GROUP 700;1038;1038;1038;1038;1155;1305;1356;1521;1596;1323;1518;1608;1755;1824;1455;1578;1734;1230;1422;1635;1806;1845;1908;1938
ZZ710;COUNTY COST GROUP 710;1047;1047;1047;1047;1167;1314;1368;1533;1611;1332;1530;1623;1770;1839;1467;1593;1746;1242;1434;1650;1821;1860;1923;1953
ZZ720;COUNTY COST GROUP 720;1062;1062;1062;1062;1182;1329;1383;1551;1629;1347;1548;1641;1788;1857;1485;1611;1767;1257;1452;1668;1839;1878;1944;1974
ZZ730;COUNTY COST GROUP 730;1080;1080;1080;1080;1203;1350;1404;1578;1656;1371;1575;1668;1815;1887;1512;1638;1794;1278;1479;1695;1866;1908;1971;2004
ZZ740;COUNTY COST GROUP 740;1095;1095;1095;1095;1221;1365;1419;1599;1677;1389;1596;1689;1836;1908;1533;1659;1815;1299;1497;1716;1890;1929;1995;2025
ZZ750;COUNTY COST GROUP 750;1113;1113;1113;1113;1242;1386;1443;1623;1701;1413;1620;1713;1863;1935;1557;1683;1842;1320;1521;1743;1914;1956;2022;2055
ZZ760;COUNTY COST GROUP 760;1128;1128;1128;1128;1260;1404;1464;1647;1725;1434;1644;1737;1887;1959;1581;1707;1866;1341;1545;1764;1941;1983;2046;2079
ZZ770;COUNTY COST GROUP 770;1152;1152;1152;1152;1287;1428;1494;1680;1758;1464;1677;1770;1920;1992;1614;1740;1899;1368;1575;1797;1974;2016;2082;2115
ZZ780;COUNTY COST GROUP 780;1173;1173;1173;1173;1314;1455;1527;1713;1791;1494;1710;1803;1953;2028;1644;1773;1932;1395;1608;1830;2007;2052;2118;2151
ZZ790;COUNTY COST GROUP 790;1209;1209;1209;1209;1353;1491;1572;1761;1842;1539;1758;1854;2007;2079;1695;1824;1983;1440;1656;1881;2061;2103;2172;2205
ZZ800;COUNTY COST GROUP 800;1239;1239;1239;1239;1389;1527;1611;1803;1884;1575;1800;1896;2049;2124;1737;1866;2028;1476;1698;1926;2106;2148;2217;2253
ZZ810;COUNTY COST GROUP 810;1275;1275;1275;1275;1431;1563;1659;1854;1938;1623;1851;1950;2103;2178;1788;1917;2079;1521;1746;1977;2160;2205;2274;2310
ZZ820;COUNTY COST GROUP 820;1317;1317;1317;1317;1476;1608;1713;1914;1995;1677;1911;2007;2163;2241;1845;1977;2139;1572;1803;2037;2220;2265;2337;2373
ZZ830;COUNTY COST GROUP 830;1365;1365;1365;1365;1536;1665;1779;1983;2067;1740;1980;2079;2238;2316;1914;2049;2214;1635;1872;2109;2295;2343;2415;2454
ZZ840;COUNTY COST GROUP 840;1428;1428;1428;1428;1608;1734;1863;2073;2157;1821;2070;2172;2331;2409;2004;2139;2307;1713;1959;2199;2391;2436;2511;2553
ZZ850;COUNTY COST GROUP 850;1524;1524;1524;1524;1719;1845;1992;2208;2295;1944;2205;2307;2472;2553;2139;2277;2448;1830;2091;2337;2532;2583;2658;2703
ZZ860;COUNTY COST GROUP 860;1632;1632;1632;1632;1845;1977;2133;2361;2451;2082;2358;2463;2628;2715;2289;2430;2604;1962;2238;2493;2694;2745;2823;2871
ZZ870;COUNTY COST GROUP 870;1755;1755;1755;1755;1986;2130;2295;2535;2625;2241;2532;2640;2811;2898;2460;2604;2784;2115;2406;2670;2877;2931;3012;3063
ZZ880;COUNTY COST GROUP 880;1911;1911;1911;1911;2166;2328;2505;2757;2850;2442;2754;2865;3042;3135;2682;2829;3015;2307;2622;2898;3111;3168;3255;3309
ZZ890;COUNTY COST GROUP 890;2121;2121;2121;2121;2409;2589;2781;3054;3153;2712;3051;3165;3351;3447;2976;3129;3321;2568;2910;3201;3426;3483;3576;3639